order_id,order_date,customer_id,channel,status
10001,2026-01-01,131,App,Completada
10002,2026-01-01,34,App,Completada
10003,2026-01-01,30,Web,Completada
10004,2026-01-01,108,App,Devuelta
10005,2026-01-02,157,Web,Completada
10006,2026-01-02,150,,Completada
10007,2026-01-02,187,Marketplace,Completada
10008,2026-01-02,92,Web,Completada
10009,2026-01-03,262,,Completada
10010,2026-01-03,234,Web,Completada
10011,2026-01-03,285,Web,Completada
10012,2026-01-03,44,Web,Completada
10013,2026-01-03,253,Web,Completada
10014,2026-01-03,267,App,Completada
10015,2026-01-03,15,App,Completada
10016,2026-01-03,259,App,Completada
10017,2026-01-03,41,Web,Completada
10018,2026-01-04,53,Web,Completada
10019,2026-01-04,249,Web,Completada
10020,2026-01-04,295,App,Completada
10021,2026-01-04,174,App,Completada
10022,2026-01-04,41,Web,Completada
10023,2026-01-04,261,Web,Completada
10024,2026-01-04,123,App,Completada
10025,2026-01-04,278,Web,Completada
10026,2026-01-05,108,App,Completada
10027,2026-01-05,21,Web,Completada
10028,2026-01-05,250,Web,Completada
10029,2026-01-06,294,Web,Cancelada
10030,2026-01-06,281,Web,Completada
10031,2026-01-06,28,App,Completada
10032,2026-01-06,72,Web,Completada
10033,2026-01-06,158,App,Cancelada
10034,2026-01-06,63,Web,Cancelada
10035,2026-01-06,200,Web,Completada
10036,2026-01-06,204,App,Completada
10037,2026-01-07,55,App,Cancelada
10038,2026-01-07,145,Web,Completada
10039,2026-01-07,236,App,Completada
10040,2026-01-07,19,App,Completada
10041,2026-01-07,174,App,Completada
10042,2026-01-07,268,App,Completada
10043,2026-01-08,121,App,Completada
10044,2026-01-08,8,App,Completada
10045,2026-01-08,52,App,Completada
10046,2026-01-08,185,Web,Completada
10047,2026-01-09,263,Web,Completada
10048,2026-01-09,150,App,Devuelta
10049,2026-01-09,47,Web,Completada
10050,2026-01-09,61,Web,Completada
10051,2026-01-10,238,App,Completada
10052,2026-01-10,250,Marketplace,Completada
10053,2026-01-10,249,App,Completada
10054,2026-01-10,299,Web,Completada
10055,2026-01-10,290,App,Completada
10056,2026-01-10,197,App,Completada
10057,2026-01-10,133,Web,Completada
10058,2026-01-10,295,Web,Cancelada
10059,2026-01-10,60,App,Completada
10060,2026-01-11,91,App,Completada
10061,2026-01-11,86,App,Cancelada
10062,2026-01-11,121,Web,Completada
10063,2026-01-11,29,App,Completada
10064,2026-01-11,178,Web,Completada
10065,2026-01-11,81,Marketplace,Completada
10066,2026-01-12,104,App,Completada
10067,2026-01-12,235,App,Completada
10068,2026-01-12,219,App,Devuelta
10069,2026-01-12,5,App,Completada
10070,2026-01-13,139,App,Completada
10071,2026-01-13,244,App,Completada
10072,2026-01-14,228,App,Completada
10073,2026-01-14,131,App,Completada
10074,2026-01-15,199,App,Completada
10075,2026-01-15,167,App,Completada
10076,2026-01-15,10,Web,Completada
10077,2026-01-16,55,,Cancelada
10078,2026-01-16,82,App,Cancelada
10079,2026-01-16,184,Web,Completada
10080,2026-01-17,187,App,Completada
10081,2026-01-17,251,Web,Completada
10082,2026-01-17,99,App,Completada
10083,2026-01-17,279,App,Completada
10084,2026-01-17,181,App,Completada
10085,2026-01-17,198,Web,Completada
10086,2026-01-17,294,Marketplace,Completada
10087,2026-01-17,206,Web,Completada
10088,2026-01-18,290,App,Completada
10089,2026-01-18,238,Marketplace,Completada
10090,2026-01-18,87,Marketplace,Cancelada
10091,2026-01-18,216,Marketplace,Completada
10092,2026-01-19,160,Web,Devuelta
10093,2026-01-19,129,Web,Completada
10094,2026-01-19,102,Web,Completada
10095,2026-01-19,240,Web,Completada
10096,2026-01-19,8,App,Completada
10097,2026-01-19,3,Web,Completada
10098,2026-01-19,121,Web,Completada
10099,2026-01-20,8,,Completada
10100,2026-01-20,67,Marketplace,Completada
10101,2026-01-20,32,Marketplace,Completada
10102,2026-01-20,47,Marketplace,Completada
10103,2026-01-20,30,App,Completada
10104,2026-01-21,271,Web,Completada
10105,2026-01-21,57,App,Completada
10106,2026-01-21,35,App,Completada
10107,2026-01-21,296,Web,Completada
10108,2026-01-21,202,App,Completada
10109,2026-01-21,244,Web,Completada
10110,2026-01-22,300,App,Completada
10111,2026-01-22,14,Web,Completada
10112,2026-01-22,219,App,Completada
10113,2026-01-22,293,App,Completada
10114,2026-01-22,45,App,Completada
10115,2026-01-23,263,Web,Completada
10116,2026-01-23,36,Web,Completada
10117,2026-01-23,183,App,Completada
10118,2026-01-23,197,App,Completada
10119,2026-01-24,162,App,Completada
10120,2026-01-24,75,App,Completada
10121,2026-01-24,54,Web,Completada
10122,2026-01-24,34,App,Completada
10123,2026-01-24,197,App,Completada
10124,2026-01-24,218,Web,Completada
10125,2026-01-24,123,Web,Completada
10126,2026-01-24,7,Web,Completada
10127,2026-01-25,300,Web,Completada
10128,2026-01-25,215,Marketplace,Completada
10129,2026-01-25,220,App,Completada
10130,2026-01-25,23,Web,Completada
10131,2026-01-25,52,App,Completada
10132,2026-01-25,51,App,Devuelta
10133,2026-01-25,174,App,Devuelta
10134,2026-01-25,58,Web,Completada
10135,2026-01-25,99,Web,Completada
10136,2026-01-25,138,Marketplace,Devuelta
10137,2026-01-25,43,App,Completada
10138,2026-01-25,112,Web,Completada
10139,2026-01-26,251,Web,Cancelada
10140,2026-01-26,31,Marketplace,Devuelta
10141,2026-01-26,153,App,Cancelada
10142,2026-01-27,91,Web,Completada
10143,2026-01-27,220,App,Completada
10144,2026-01-28,209,Web,Completada
10145,2026-01-28,258,App,Cancelada
10146,2026-01-28,72,Web,Completada
10147,2026-01-28,144,App,Completada
10148,2026-01-28,183,Web,Completada
10149,2026-01-28,2,Web,Cancelada
10150,2026-01-28,275,App,Completada
10151,2026-01-29,249,App,Completada
10152,2026-01-29,225,App,Devuelta
10153,2026-01-29,258,Web,Completada
10154,2026-01-29,37,App,Devuelta
10155,2026-01-29,106,Web,Completada
10156,2026-01-29,286,Web,Completada
10157,2026-01-29,138,App,Completada
10158,2026-01-29,280,App,Completada
10159,2026-01-30,251,Web,Devuelta
10160,2026-01-30,22,App,Completada
10161,2026-01-30,17,Web,Cancelada
10162,2026-01-30,1,Web,Completada
10163,2026-01-30,48,App,Completada
10164,2026-01-31,171,Web,Completada
10165,2026-01-31,293,Marketplace,Completada
10166,2026-01-31,193,Marketplace,Devuelta
10167,2026-01-31,95,Marketplace,Completada
10168,2026-01-31,248,App,Completada
10169,2026-01-31,14,Web,Completada
10170,2026-01-31,20,Web,Completada
10171,2026-01-31,130,App,Completada
10172,2026-02-01,64,Web,Completada
10173,2026-02-01,237,Web,Completada
10174,2026-02-01,145,App,Completada
10175,2026-02-01,41,,Completada
10176,2026-02-01,294,Web,Devuelta
10177,2026-02-01,39,App,Completada
10178,2026-02-01,82,App,Completada
10179,2026-02-01,281,Web,Completada
10180,2026-02-01,66,App,Devuelta
10181,2026-02-01,171,Web,Completada
10182,2026-02-01,164,App,Cancelada
10183,2026-02-01,30,App,Completada
10184,2026-02-02,114,Web,Completada
10185,2026-02-02,85,App,Completada
10186,2026-02-02,102,App,Completada
10187,2026-02-02,299,Web,Cancelada
10188,2026-02-02,231,Web,Completada
10189,2026-02-02,13,Marketplace,Completada
10190,2026-02-03,33,Marketplace,Completada
10191,2026-02-03,193,Web,Completada
10192,2026-02-03,129,Web,Completada
10193,2026-02-03,48,App,Completada
10194,2026-02-03,1,App,Completada
10195,2026-02-04,78,Web,Completada
10196,2026-02-04,45,Web,Completada
10197,2026-02-04,5,Web,Completada
10198,2026-02-04,144,,Completada
10199,2026-02-04,63,Web,Completada
10200,2026-02-04,209,Web,Completada
10201,2026-02-04,24,Web,Completada
10202,2026-02-04,185,Web,Completada
10203,2026-02-04,233,App,Completada
10204,2026-02-05,130,Web,Completada
10205,2026-02-05,108,App,Completada
10206,2026-02-05,236,App,Completada
10207,2026-02-05,3,Web,Completada
10208,2026-02-06,170,App,Completada
10209,2026-02-06,205,App,Completada
10210,2026-02-06,126,Marketplace,Completada
10211,2026-02-06,81,Web,Completada
10212,2026-02-06,64,App,Completada
10213,2026-02-06,269,App,Completada
10214,2026-02-06,289,Web,Completada
10215,2026-02-06,263,App,Completada
10216,2026-02-07,207,App,Completada
10217,2026-02-07,263,Web,Completada
10218,2026-02-07,18,App,Completada
10219,2026-02-07,180,App,Completada
10220,2026-02-07,133,Web,Completada
10221,2026-02-07,36,App,Devuelta
10222,2026-02-08,265,Web,Completada
10223,2026-02-08,215,Marketplace,Completada
10224,2026-02-08,245,Web,Devuelta
10225,2026-02-08,30,App,Completada
10226,2026-02-08,273,App,Completada
10227,2026-02-08,33,App,Completada
10228,2026-02-08,60,App,Devuelta
10229,2026-02-09,299,Web,Completada
10230,2026-02-09,230,App,Completada
10231,2026-02-10,268,App,Completada
10232,2026-02-10,107,App,Completada
10233,2026-02-10,162,Marketplace,Completada
10234,2026-02-10,118,Web,Completada
10235,2026-02-10,116,Web,Completada
10236,2026-02-10,239,Web,Completada
10237,2026-02-10,4,App,Completada
10238,2026-02-10,176,Marketplace,Completada
10239,2026-02-11,1,Marketplace,Completada
10240,2026-02-11,8,Web,Completada
10241,2026-02-11,15,,Completada
10242,2026-02-11,158,App,Completada
10243,2026-02-11,85,Marketplace,Cancelada
10244,2026-02-11,53,App,Completada
10245,2026-02-11,222,,Completada
10246,2026-02-11,64,App,Cancelada
10247,2026-02-11,232,Marketplace,Devuelta
10248,2026-02-12,136,App,Devuelta
10249,2026-02-12,294,Web,Completada
10250,2026-02-12,139,App,Completada
10251,2026-02-12,276,App,Completada
10252,2026-02-12,172,App,Completada
10253,2026-02-13,140,Marketplace,Completada
10254,2026-02-13,216,App,Completada
10255,2026-02-13,90,Web,Completada
10256,2026-02-13,246,App,Completada
10257,2026-02-13,213,Web,Completada
10258,2026-02-13,201,Web,Completada
10259,2026-02-13,298,App,Completada
10260,2026-02-14,200,App,Completada
10261,2026-02-14,123,Web,Completada
10262,2026-02-14,140,App,Completada
10263,2026-02-14,36,Web,Completada
10264,2026-02-14,152,Web,Devuelta
10265,2026-02-14,158,Web,Completada
10266,2026-02-14,205,App,Completada
10267,2026-02-14,246,Web,Completada
10268,2026-02-15,243,App,Completada
10269,2026-02-15,225,Marketplace,Completada
10270,2026-02-15,14,App,Completada
10271,2026-02-15,267,Web,Completada
10272,2026-02-15,85,Web,Completada
10273,2026-02-15,93,App,Completada
10274,2026-02-15,213,App,Completada
10275,2026-02-16,69,App,Completada
10276,2026-02-16,10,App,Completada
10277,2026-02-16,77,App,Completada
10278,2026-02-16,230,Marketplace,Completada
10279,2026-02-17,102,App,Completada
10280,2026-02-17,86,Web,Cancelada
10281,2026-02-17,17,App,Completada
10282,2026-02-17,126,Marketplace,Completada
10283,2026-02-17,235,App,Completada
10284,2026-02-17,53,Web,Completada
10285,2026-02-17,215,Marketplace,Completada
10286,2026-02-18,34,App,Completada
10287,2026-02-18,29,Marketplace,Completada
10288,2026-02-18,25,App,Completada
10289,2026-02-18,57,App,Devuelta
10290,2026-02-18,214,Web,Completada
10291,2026-02-18,221,App,Completada
10292,2026-02-19,224,App,Completada
10293,2026-02-19,40,Web,Completada
10294,2026-02-19,110,Marketplace,Completada
10295,2026-02-19,65,Marketplace,Completada
10296,2026-02-19,150,Web,Cancelada
10297,2026-02-19,1,App,Completada
10298,2026-02-20,278,Marketplace,Devuelta
10299,2026-02-20,269,Marketplace,Completada
10300,2026-02-20,36,App,Completada
10301,2026-02-20,140,Web,Completada
10302,2026-02-20,64,Web,Completada
10303,2026-02-20,184,Web,Completada
10304,2026-02-21,135,Web,Completada
10305,2026-02-21,212,App,Devuelta
10306,2026-02-21,180,Web,Completada
10307,2026-02-21,197,Web,Devuelta
10308,2026-02-21,38,Web,Completada
10309,2026-02-21,298,App,Completada
10310,2026-02-21,265,Web,Completada
10311,2026-02-21,266,Web,Completada
10312,2026-02-21,292,App,Completada
10313,2026-02-22,77,App,Completada
10314,2026-02-22,274,Web,Completada
10315,2026-02-22,110,Marketplace,Completada
10316,2026-02-22,157,Web,Completada
10317,2026-02-22,207,Web,Completada
10318,2026-02-22,67,App,Completada
10319,2026-02-22,208,Web,Completada
10320,2026-02-23,137,App,Completada
10321,2026-02-23,107,App,Completada
10322,2026-02-23,215,App,Cancelada
10323,2026-02-23,229,App,Completada
10324,2026-02-23,24,App,Completada
10325,2026-02-23,214,Web,Completada
10326,2026-02-24,113,Marketplace,Completada
10327,2026-02-24,112,App,Completada
10328,2026-02-24,201,App,Completada
10329,2026-02-24,295,App,Cancelada
10330,2026-02-24,229,Marketplace,Cancelada
10331,2026-02-24,246,Web,Completada
10332,2026-02-24,48,Web,Completada
10333,2026-02-25,157,Web,Completada
10334,2026-02-25,183,App,Completada
10335,2026-02-25,216,App,Completada
10336,2026-02-25,61,Web,Completada
10337,2026-02-25,153,Web,Completada
10338,2026-02-25,174,Web,Completada
10339,2026-02-25,198,App,Cancelada
10340,2026-02-25,30,Web,Completada
10341,2026-02-25,208,App,Completada
10342,2026-02-25,244,App,Completada
10343,2026-02-26,65,App,Completada
10344,2026-02-26,158,Web,Completada
10345,2026-02-26,95,App,Completada
10346,2026-02-26,9,App,Completada
10347,2026-02-26,188,App,Completada
10348,2026-02-26,108,App,Completada
10349,2026-02-27,144,App,Cancelada
10350,2026-02-27,93,Web,Completada
10351,2026-02-27,292,Marketplace,Completada
10352,2026-02-27,95,Marketplace,Completada
10353,2026-02-27,202,App,Completada
10354,2026-02-27,149,Web,Completada
10355,2026-02-27,172,Marketplace,Completada
10356,2026-02-27,99,Web,Devuelta
10357,2026-02-27,194,Web,Completada
10358,2026-02-28,60,Web,Completada
10359,2026-02-28,35,Web,Completada
10360,2026-02-28,97,App,Cancelada
10361,2026-02-28,293,App,Completada
10362,2026-02-28,50,App,Completada
10363,2026-02-28,57,Marketplace,Completada
10364,2026-02-28,4,App,Completada
10365,2026-02-28,135,App,Devuelta
10366,2026-03-01,270,Web,Completada
10367,2026-03-01,254,Web,Completada
10368,2026-03-01,122,App,Completada
10369,2026-03-01,125,App,Completada
10370,2026-03-01,300,Web,Completada
10371,2026-03-01,95,App,Completada
10372,2026-03-02,82,Marketplace,Completada
10373,2026-03-02,109,Web,Completada
10374,2026-03-02,129,Web,Completada
10375,2026-03-02,288,App,Completada
10376,2026-03-02,283,Web,Completada
10377,2026-03-02,155,Web,Cancelada
10378,2026-03-02,4,Web,Completada
10379,2026-03-02,173,App,Completada
10380,2026-03-03,83,Web,Completada
10381,2026-03-03,75,App,Completada
10382,2026-03-03,65,Marketplace,Completada
10383,2026-03-03,87,App,Completada
10384,2026-03-03,182,Web,Completada
10385,2026-03-03,147,App,Completada
10386,2026-03-03,77,Web,Completada
10387,2026-03-04,286,App,Completada
10388,2026-03-04,102,Web,Completada
10389,2026-03-04,3,App,Completada
10390,2026-03-05,289,Web,Completada
10391,2026-03-05,281,Web,Completada
10392,2026-03-05,222,App,Completada
10393,2026-03-05,103,App,Completada
10394,2026-03-05,48,Web,Devuelta
10395,2026-03-05,116,App,Completada
10396,2026-03-05,95,App,Completada
10397,2026-03-05,93,App,Completada
10398,2026-03-05,276,Web,Completada
10399,2026-03-06,273,Web,Completada
10400,2026-03-06,152,Web,Completada
10401,2026-03-06,15,Web,Completada
10402,2026-03-06,264,Web,Cancelada
10403,2026-03-06,176,App,Cancelada
10404,2026-03-06,92,Marketplace,Completada
10405,2026-03-06,118,Web,Completada
10406,2026-03-06,184,Web,Completada
10407,2026-03-06,105,Web,Completada
10408,2026-03-06,191,Web,Completada
10409,2026-03-06,126,Marketplace,Completada
10410,2026-03-07,141,Web,Completada
10411,2026-03-07,200,App,Completada
10412,2026-03-07,296,App,Completada
10413,2026-03-07,74,App,Completada
10414,2026-03-07,200,Marketplace,Completada
10415,2026-03-07,271,App,Completada
10416,2026-03-07,57,App,Completada
10417,2026-03-07,122,Web,Completada
10418,2026-03-07,265,Marketplace,Completada
10419,2026-03-07,159,Web,Devuelta
10420,2026-03-08,46,App,Completada
10421,2026-03-08,91,App,Completada
10422,2026-03-08,155,App,Completada
10423,2026-03-08,155,App,Completada
10424,2026-03-08,46,Web,Completada
10425,2026-03-08,11,App,Completada
10426,2026-03-08,127,App,Completada
10427,2026-03-08,64,Web,Completada
10428,2026-03-08,144,App,Completada
10429,2026-03-08,285,App,Completada
10430,2026-03-08,77,Web,Completada
10431,2026-03-08,11,App,Completada
10432,2026-03-08,233,App,Completada
10433,2026-03-09,91,Marketplace,Completada
10434,2026-03-09,191,App,Cancelada
10435,2026-03-09,179,Web,Completada
10436,2026-03-09,276,Web,Completada
10437,2026-03-09,148,Web,Completada
10438,2026-03-09,283,App,Completada
10439,2026-03-09,258,Marketplace,Completada
10440,2026-03-10,153,Web,Cancelada
10441,2026-03-10,118,Web,Completada
10442,2026-03-10,30,,Completada
10443,2026-03-10,244,App,Completada
10444,2026-03-10,255,App,Completada
10445,2026-03-10,159,Web,Completada
10446,2026-03-10,84,Web,Completada
10447,2026-03-10,172,App,Completada
10448,2026-03-10,140,Web,Completada
10449,2026-03-11,104,Marketplace,Cancelada
10450,2026-03-11,159,App,Completada
10451,2026-03-11,9,Web,Completada
10452,2026-03-11,44,App,Devuelta
10453,2026-03-11,209,Web,Completada
10454,2026-03-12,43,Marketplace,Completada
10455,2026-03-12,188,Web,Completada
10456,2026-03-12,159,Marketplace,Completada
10457,2026-03-12,157,Marketplace,Completada
10458,2026-03-13,227,App,Completada
10459,2026-03-13,123,App,Cancelada
10460,2026-03-13,222,App,Devuelta
10461,2026-03-13,279,Web,Cancelada
10462,2026-03-13,109,Web,Completada
10463,2026-03-13,267,App,Completada
10464,2026-03-14,91,App,Completada
10465,2026-03-14,244,App,Completada
10466,2026-03-14,131,Web,Completada
10467,2026-03-14,214,Web,Completada
10468,2026-03-14,189,App,Completada
10469,2026-03-14,281,Web,Completada
10470,2026-03-14,186,App,Cancelada
10471,2026-03-14,21,Web,Completada
10472,2026-03-14,25,App,Completada
10473,2026-03-15,244,Web,Devuelta
10474,2026-03-15,135,App,Completada
10475,2026-03-15,12,App,Completada
10476,2026-03-15,88,Web,Completada
10477,2026-03-15,129,App,Completada
10478,2026-03-15,208,Web,Completada
10479,2026-03-15,257,Web,Completada
10480,2026-03-16,100,Web,Completada
10481,2026-03-16,46,App,Completada
10482,2026-03-16,25,App,Completada
10483,2026-03-16,214,Web,Completada
10484,2026-03-16,259,Web,Completada
10485,2026-03-16,231,App,Completada
10486,2026-03-17,180,App,Completada
10487,2026-03-17,148,Web,Completada
10488,2026-03-17,258,Web,Completada
10489,2026-03-17,100,App,Completada
10490,2026-03-17,217,Web,Cancelada
10491,2026-03-17,288,App,Completada
10492,2026-03-18,93,App,Completada
10493,2026-03-18,160,Marketplace,Completada
10494,2026-03-18,270,Web,Completada
10495,2026-03-18,79,App,Completada
10496,2026-03-19,217,Web,Cancelada
10497,2026-03-19,192,App,Completada
10498,2026-03-19,93,Web,Completada
10499,2026-03-19,193,Web,Devuelta
10500,2026-03-19,156,Marketplace,Cancelada
10501,2026-03-19,205,App,Completada
10502,2026-03-19,200,App,Completada
10503,2026-03-19,2,Web,Completada
10504,2026-03-19,147,App,Completada
10505,2026-03-19,221,Web,Completada
10506,2026-03-20,273,App,Completada
10507,2026-03-20,121,App,Completada
10508,2026-03-20,99,Marketplace,Completada
10509,2026-03-20,42,Marketplace,Completada
10510,2026-03-20,177,App,Completada
10511,2026-03-20,103,Web,Completada
10512,2026-03-20,119,Web,Completada
10513,2026-03-20,118,Web,Completada
10514,2026-03-20,296,Web,Completada
10515,2026-03-21,207,App,Completada
10516,2026-03-21,20,App,Devuelta
10517,2026-03-21,137,App,Completada
10518,2026-03-21,68,Web,Completada
10519,2026-03-21,59,Marketplace,Completada
10520,2026-03-21,18,Marketplace,Completada
10521,2026-03-21,82,Web,Completada
10522,2026-03-21,1,App,Completada
10523,2026-03-21,214,App,Completada
10524,2026-03-22,250,Web,Completada
10525,2026-03-22,94,Web,Completada
10526,2026-03-22,256,Web,Devuelta
10527,2026-03-22,44,Web,Completada
10528,2026-03-22,271,App,Cancelada
10529,2026-03-22,102,Marketplace,Completada
10530,2026-03-22,61,App,Completada
10531,2026-03-22,73,Marketplace,Completada
10532,2026-03-23,205,App,Completada
10533,2026-03-23,201,Web,Completada
10534,2026-03-23,226,Marketplace,Completada
10535,2026-03-23,219,Web,Completada
10536,2026-03-23,264,App,Completada
10537,2026-03-23,98,App,Completada
10538,2026-03-23,188,Marketplace,Completada
10539,2026-03-24,21,App,Completada
10540,2026-03-24,107,Marketplace,Completada
10541,2026-03-24,254,App,Cancelada
10542,2026-03-25,276,Marketplace,Completada
10543,2026-03-25,285,Marketplace,Completada
10544,2026-03-25,18,Marketplace,Completada
10545,2026-03-25,38,Web,Completada
10546,2026-03-25,135,Web,Completada
10547,2026-03-25,51,App,Completada
10548,2026-03-25,140,Marketplace,Completada
10549,2026-03-25,20,Web,Completada
10550,2026-03-26,280,App,Completada
10551,2026-03-26,179,Web,Completada
10552,2026-03-26,155,App,Completada
10553,2026-03-26,168,App,Devuelta
10554,2026-03-26,38,Web,Completada
10555,2026-03-26,82,App,Completada
10556,2026-03-27,172,App,Cancelada
10557,2026-03-27,213,Marketplace,Completada
10558,2026-03-27,299,App,Completada
10559,2026-03-27,72,Marketplace,Completada
10560,2026-03-27,219,Marketplace,Completada
10561,2026-03-27,16,App,Completada
10562,2026-03-28,2,,Completada
10563,2026-03-28,249,Web,Completada
10564,2026-03-28,238,Web,Completada
10565,2026-03-28,50,Marketplace,Completada
10566,2026-03-28,276,Web,Completada
10567,2026-03-28,77,Web,Completada
10568,2026-03-28,108,Web,Cancelada
10569,2026-03-28,12,Web,Completada
10570,2026-03-28,129,Marketplace,Completada
10571,2026-03-28,217,App,Completada
10572,2026-03-29,285,Web,Completada
10573,2026-03-29,113,App,Completada
10574,2026-03-29,27,Web,Completada
10575,2026-03-29,40,Web,Completada
10576,2026-03-29,103,Marketplace,Completada
10577,2026-03-29,236,App,Completada
10578,2026-03-30,211,App,Completada
10579,2026-03-30,47,Marketplace,Completada
10580,2026-03-30,176,Marketplace,Completada
10581,2026-03-30,207,Web,Completada
10582,2026-03-30,83,App,Completada
10583,2026-03-30,28,Web,Completada
10584,2026-03-31,76,App,Completada
10585,2026-03-31,67,Web,Completada
10586,2026-03-31,194,App,Completada
10587,2026-03-31,55,,Cancelada
10588,2026-03-31,169,Web,Completada
10589,2026-03-31,13,App,Completada
10590,2026-03-31,65,Marketplace,Completada
10591,2026-03-31,4,App,Completada
10592,2026-03-31,71,Web,Devuelta
10593,2026-04-01,92,Web,Completada
10594,2026-04-01,249,,Completada
10595,2026-04-01,122,Web,Completada
10596,2026-04-01,83,Web,Completada
10597,2026-04-01,80,App,Devuelta
10598,2026-04-01,241,App,Completada
10599,2026-04-02,91,App,Completada
10600,2026-04-02,273,Web,Completada
10601,2026-04-02,94,Web,Devuelta
10602,2026-04-02,76,App,Completada
10603,2026-04-02,212,Marketplace,Completada
10604,2026-04-02,11,Web,Completada
10605,2026-04-02,264,Web,Completada
10606,2026-04-02,3,Web,Completada
10607,2026-04-03,168,Marketplace,Completada
10608,2026-04-03,32,App,Completada
10609,2026-04-03,133,Marketplace,Completada
10610,2026-04-03,213,App,Completada
10611,2026-04-03,122,App,Completada
10612,2026-04-03,299,App,Completada
10613,2026-04-03,297,Web,Completada
10614,2026-04-03,241,App,Completada
10615,2026-04-04,202,Web,Completada
10616,2026-04-04,259,Web,Completada
10617,2026-04-04,291,App,Completada
10618,2026-04-04,69,Web,Completada
10619,2026-04-04,175,App,Completada
10620,2026-04-04,114,App,Completada
10621,2026-04-04,57,App,Completada
10622,2026-04-04,40,App,Completada
10623,2026-04-04,32,App,Cancelada
10624,2026-04-04,266,Web,Completada
10625,2026-04-04,2,App,Completada
10626,2026-04-05,247,Web,Completada
10627,2026-04-05,51,Web,Completada
10628,2026-04-05,173,App,Completada
10629,2026-04-05,203,Web,Completada
10630,2026-04-05,165,App,Completada
10631,2026-04-05,38,Web,Completada
10632,2026-04-05,281,Web,Completada
10633,2026-04-05,13,App,Completada
10634,2026-04-06,122,App,Devuelta
10635,2026-04-06,252,Web,Completada
10636,2026-04-06,284,Web,Completada
10637,2026-04-06,4,App,Completada
10638,2026-04-06,300,App,Completada
10639,2026-04-07,74,App,Completada
10640,2026-04-07,28,Web,Completada
10641,2026-04-07,214,App,Completada
10642,2026-04-07,218,Web,Completada
10643,2026-04-07,158,App,Completada
10644,2026-04-07,239,App,Completada
10645,2026-04-07,243,Web,Completada
10646,2026-04-07,25,Web,Cancelada
10647,2026-04-07,92,Web,Cancelada
10648,2026-04-08,8,App,Cancelada
10649,2026-04-08,100,App,Completada
10650,2026-04-09,300,App,Completada
10651,2026-04-09,216,Web,Completada
10652,2026-04-09,18,Web,Completada
10653,2026-04-09,88,App,Completada
10654,2026-04-09,226,,Completada
10655,2026-04-09,69,Web,Completada
10656,2026-04-09,34,Web,Completada
10657,2026-04-10,291,App,Cancelada
10658,2026-04-10,148,Marketplace,Completada
10659,2026-04-10,3,Web,Completada
10660,2026-04-10,284,Web,Completada
10661,2026-04-10,295,App,Completada
10662,2026-04-10,270,App,Completada
10663,2026-04-10,187,App,Completada
10664,2026-04-10,246,App,Completada
10665,2026-04-10,278,Marketplace,Completada
10666,2026-04-10,287,Web,Completada
10667,2026-04-11,227,App,Completada
10668,2026-04-11,8,App,Completada
10669,2026-04-11,201,App,Completada
10670,2026-04-11,102,Web,Completada
10671,2026-04-11,164,App,Cancelada
10672,2026-04-11,163,Web,Completada
10673,2026-04-11,169,App,Completada
10674,2026-04-12,260,App,Cancelada
10675,2026-04-12,114,Marketplace,Completada
10676,2026-04-12,246,Web,Devuelta
10677,2026-04-12,115,Web,Cancelada
10678,2026-04-12,121,App,Completada
10679,2026-04-12,105,App,Completada
10680,2026-04-12,262,App,Devuelta
10681,2026-04-12,53,Marketplace,Completada
10682,2026-04-12,143,App,Completada
10683,2026-04-13,295,App,Cancelada
10684,2026-04-13,103,Web,Completada
10685,2026-04-13,172,App,Completada
10686,2026-04-13,115,Marketplace,Completada
10687,2026-04-13,157,App,Cancelada
10688,2026-04-13,70,App,Completada
10689,2026-04-13,40,App,Completada
10690,2026-04-13,270,Web,Completada
10691,2026-04-13,123,Web,Completada
10692,2026-04-13,106,Marketplace,Completada
10693,2026-04-13,90,Web,Completada
10694,2026-04-13,93,Web,Completada
10695,2026-04-14,161,Web,Completada
10696,2026-04-14,201,Marketplace,Completada
10697,2026-04-14,170,Web,Completada
10698,2026-04-14,35,Web,Devuelta
10699,2026-04-14,296,Web,Completada
10700,2026-04-15,273,App,Completada
10701,2026-04-15,300,Marketplace,Completada
10702,2026-04-15,298,App,Completada
10703,2026-04-15,159,App,Completada
10704,2026-04-15,125,Marketplace,Completada
10705,2026-04-15,36,Web,Completada
10706,2026-04-15,226,App,Completada
10707,2026-04-16,266,Marketplace,Cancelada
10708,2026-04-16,144,Marketplace,Completada
10709,2026-04-16,179,Web,Completada
10710,2026-04-16,164,Marketplace,Completada
10711,2026-04-16,40,App,Completada
10712,2026-04-17,53,App,Completada
10713,2026-04-17,37,App,Completada
10714,2026-04-17,26,App,Completada
10715,2026-04-17,48,App,Completada
10716,2026-04-17,91,Web,Completada
10717,2026-04-17,136,Web,Completada
10718,2026-04-18,186,App,Completada
10719,2026-04-18,149,App,Completada
10720,2026-04-18,202,Marketplace,Devuelta
10721,2026-04-18,114,Marketplace,Completada
10722,2026-04-18,165,App,Completada
10723,2026-04-18,3,App,Completada
10724,2026-04-18,210,Web,Completada
10725,2026-04-18,9,App,Completada
10726,2026-04-18,151,Marketplace,Devuelta
10727,2026-04-19,146,Marketplace,Completada
10728,2026-04-19,281,App,Completada
10729,2026-04-19,57,Marketplace,Completada
10730,2026-04-19,140,Marketplace,Completada
10731,2026-04-19,123,Web,Completada
10732,2026-04-19,58,Web,Completada
10733,2026-04-19,26,Web,Completada
10734,2026-04-19,17,Web,Completada
10735,2026-04-19,29,App,Completada
10736,2026-04-19,227,Web,Completada
10737,2026-04-19,43,Web,Completada
10738,2026-04-20,245,Web,Completada
10739,2026-04-20,251,Web,Devuelta
10740,2026-04-20,242,Web,Completada
10741,2026-04-20,229,Web,Completada
10742,2026-04-20,45,App,Completada
10743,2026-04-20,96,App,Completada
10744,2026-04-20,174,App,Completada
10745,2026-04-20,14,App,Cancelada
10746,2026-04-20,101,Web,Devuelta
10747,2026-04-20,295,Marketplace,Completada
10748,2026-04-20,31,Web,Completada
10749,2026-04-20,13,Marketplace,Completada
10750,2026-04-20,205,App,Completada
10751,2026-04-21,300,Web,Completada
10752,2026-04-21,94,App,Completada
10753,2026-04-21,279,App,Completada
10754,2026-04-21,54,App,Cancelada
10755,2026-04-21,105,Web,Completada
10756,2026-04-21,270,Web,Completada
10757,2026-04-21,87,App,Devuelta
10758,2026-04-21,122,Web,Cancelada
10759,2026-04-21,6,Marketplace,Completada
10760,2026-04-21,185,App,Cancelada
10761,2026-04-21,90,App,Completada
10762,2026-04-22,277,App,Completada
10763,2026-04-22,246,Marketplace,Completada
10764,2026-04-22,133,App,Completada
10765,2026-04-22,47,Web,Completada
10766,2026-04-22,232,,Completada
10767,2026-04-22,126,App,Completada
10768,2026-04-22,144,App,Devuelta
10769,2026-04-22,121,App,Completada
10770,2026-04-23,130,App,Completada
10771,2026-04-23,265,Web,Completada
10772,2026-04-23,15,App,Completada
10773,2026-04-23,213,Web,Devuelta
10774,2026-04-23,237,App,Completada
10775,2026-04-23,192,App,Completada
10776,2026-04-23,300,Web,Cancelada
10777,2026-04-23,137,Web,Completada
10778,2026-04-24,290,Web,Completada
10779,2026-04-24,129,Web,Completada
10780,2026-04-24,60,App,Cancelada
10781,2026-04-24,205,App,Completada
10782,2026-04-24,135,Web,Completada
10783,2026-04-25,187,Web,Completada
10784,2026-04-25,165,Marketplace,Completada
10785,2026-04-25,54,Web,Completada
10786,2026-04-25,79,App,Completada
10787,2026-04-25,123,Marketplace,Completada
10788,2026-04-25,179,Web,Completada
10789,2026-04-25,57,Web,Cancelada
10790,2026-04-25,261,Web,Completada
10791,2026-04-26,50,App,Completada
10792,2026-04-26,161,App,Completada
10793,2026-04-26,67,App,Completada
10794,2026-04-26,149,App,Completada
10795,2026-04-26,83,Web,Completada
10796,2026-04-26,257,Web,Completada
10797,2026-04-26,93,Marketplace,Completada
10798,2026-04-26,225,Web,Cancelada
10799,2026-04-26,20,App,Cancelada
10800,2026-04-27,174,Web,Devuelta
10801,2026-04-27,160,Web,Completada
10802,2026-04-27,20,Web,Completada
10803,2026-04-27,249,App,Completada
10804,2026-04-27,28,App,Completada
10805,2026-04-27,101,App,Cancelada
10806,2026-04-27,102,Web,Completada
10807,2026-04-27,100,App,Completada
10808,2026-04-27,108,App,Completada
10809,2026-04-28,27,App,Completada
10810,2026-04-28,29,App,Completada
10811,2026-04-28,228,App,Completada
10812,2026-04-28,139,Web,Completada
10813,2026-04-28,97,App,Completada
10814,2026-04-28,238,App,Completada
10815,2026-04-28,40,Web,Completada
10816,2026-04-28,35,Web,Completada
10817,2026-04-28,7,App,Completada
10818,2026-04-29,123,Web,Completada
10819,2026-04-29,71,Web,Completada
10820,2026-04-29,141,Web,Completada
10821,2026-04-29,196,Web,Completada
10822,2026-04-29,217,Web,Completada
10823,2026-04-30,184,App,Completada
10824,2026-04-30,14,Web,Completada
10825,2026-04-30,193,Marketplace,Cancelada
10826,2026-04-30,92,App,Completada
10827,2026-04-30,293,App,Completada
10828,2026-04-30,1,App,Completada
10829,2026-04-30,169,Web,Completada
10830,2026-04-30,297,Marketplace,Completada
10831,2026-04-30,293,Web,Completada
10832,2026-04-30,257,Web,Completada
10833,2026-05-01,127,Web,Completada
10834,2026-05-01,170,Web,Completada
10835,2026-05-01,243,Marketplace,Completada
10836,2026-05-01,43,,Completada
10837,2026-05-01,6,App,Cancelada
10838,2026-05-01,32,App,Completada
10839,2026-05-01,94,App,Completada
10840,2026-05-02,5,Web,Completada
10841,2026-05-02,272,Marketplace,Completada
10842,2026-05-02,56,Marketplace,Devuelta
10843,2026-05-02,299,Web,Completada
10844,2026-05-02,172,App,Completada
10845,2026-05-02,109,Web,Completada
10846,2026-05-02,152,Web,Completada
10847,2026-05-02,172,Marketplace,Completada
10848,2026-05-02,51,Web,Completada
10849,2026-05-02,253,App,Completada
10850,2026-05-02,181,Marketplace,Completada
10851,2026-05-02,223,Web,Completada
10852,2026-05-03,140,Web,Cancelada
10853,2026-05-03,101,Web,Devuelta
10854,2026-05-03,154,App,Completada
10855,2026-05-03,189,App,Cancelada
10856,2026-05-03,165,App,Completada
10857,2026-05-03,184,App,Completada
10858,2026-05-03,14,Web,Completada
10859,2026-05-03,77,App,Completada
10860,2026-05-03,93,Web,Completada
10861,2026-05-03,185,Web,Completada
10862,2026-05-03,156,Web,Completada
10863,2026-05-03,136,App,Completada
10864,2026-05-04,172,Web,Completada
10865,2026-05-04,125,App,Completada
10866,2026-05-04,101,Marketplace,Completada
10867,2026-05-04,145,App,Completada
10868,2026-05-04,39,Web,Completada
10869,2026-05-04,144,Web,Cancelada
10870,2026-05-05,77,Web,Completada
10871,2026-05-05,144,App,Completada
10872,2026-05-05,273,App,Completada
10873,2026-05-05,279,Web,Completada
10874,2026-05-05,247,Marketplace,Completada
10875,2026-05-05,217,App,Completada
10876,2026-05-05,184,App,Completada
10877,2026-05-05,230,App,Completada
10878,2026-05-06,7,Web,Completada
10879,2026-05-06,185,Web,Completada
10880,2026-05-06,291,Web,Completada
10881,2026-05-06,213,Web,Completada
10882,2026-05-06,258,Marketplace,Completada
10883,2026-05-06,135,App,Completada
10884,2026-05-06,173,App,Completada
10885,2026-05-06,199,App,Completada
10886,2026-05-06,227,Web,Completada
10887,2026-05-06,199,App,Completada
10888,2026-05-07,100,Web,Completada
10889,2026-05-07,264,App,Completada
10890,2026-05-07,260,Web,Completada
10891,2026-05-07,3,Web,Completada
10892,2026-05-07,294,Marketplace,Completada
10893,2026-05-07,248,Marketplace,Completada
10894,2026-05-08,110,Marketplace,Completada
10895,2026-05-08,35,Web,Completada
10896,2026-05-08,287,App,Completada
10897,2026-05-08,255,Web,Completada
10898,2026-05-08,122,Marketplace,Completada
10899,2026-05-08,252,Marketplace,Completada
10900,2026-05-08,34,Web,Completada
10901,2026-05-08,299,Web,Completada
10902,2026-05-09,300,Marketplace,Cancelada
10903,2026-05-09,56,Web,Cancelada
10904,2026-05-09,207,Marketplace,Completada
10905,2026-05-09,265,Marketplace,Completada
10906,2026-05-09,295,App,Completada
10907,2026-05-09,83,App,Cancelada
10908,2026-05-09,189,Web,Completada
10909,2026-05-09,240,Web,Completada
10910,2026-05-09,299,App,Completada
10911,2026-05-10,230,Web,Cancelada
10912,2026-05-10,136,Web,Completada
10913,2026-05-10,66,App,Cancelada
10914,2026-05-10,73,Marketplace,Cancelada
10915,2026-05-10,129,Web,Completada
10916,2026-05-10,182,App,Completada
10917,2026-05-10,204,App,Devuelta
10918,2026-05-11,195,App,Completada
10919,2026-05-11,258,Web,Completada
10920,2026-05-11,204,Web,Completada
10921,2026-05-11,35,Web,Completada
10922,2026-05-11,281,App,Cancelada
10923,2026-05-11,184,App,Completada
10924,2026-05-11,16,Web,Completada
10925,2026-05-11,138,App,Completada
10926,2026-05-11,55,Web,Completada
10927,2026-05-11,226,App,Completada
10928,2026-05-12,271,Web,Completada
10929,2026-05-12,164,App,Completada
10930,2026-05-12,25,App,Completada
10931,2026-05-12,276,Marketplace,Cancelada
10932,2026-05-12,16,App,Completada
10933,2026-05-12,232,App,Completada
10934,2026-05-13,63,Web,Completada
10935,2026-05-13,18,App,Cancelada
10936,2026-05-13,207,App,Completada
10937,2026-05-13,217,App,Completada
10938,2026-05-13,81,Web,Completada
10939,2026-05-13,175,App,Completada
10940,2026-05-13,145,Web,Completada
10941,2026-05-13,16,Web,Cancelada
10942,2026-05-14,71,Web,Completada
10943,2026-05-14,167,App,Completada
10944,2026-05-14,2,Web,Completada
10945,2026-05-14,19,Marketplace,Completada
10946,2026-05-14,283,App,Completada
10947,2026-05-14,290,Web,Completada
10948,2026-05-14,212,App,Completada
10949,2026-05-14,246,Web,Completada
10950,2026-05-14,245,Marketplace,Completada
10951,2026-05-14,185,App,Completada
10952,2026-05-14,109,Web,Completada
10953,2026-05-15,150,App,Completada
10954,2026-05-15,216,App,Completada
10955,2026-05-15,257,Marketplace,Cancelada
10956,2026-05-15,296,Web,Completada
10957,2026-05-15,46,Marketplace,Cancelada
10958,2026-05-15,225,App,Completada
10959,2026-05-15,19,App,Completada
10960,2026-05-16,49,Web,Completada
10961,2026-05-16,17,App,Completada
10962,2026-05-16,258,App,Completada
10963,2026-05-16,251,Web,Completada
10964,2026-05-16,42,App,Completada
10965,2026-05-16,75,Web,Completada
10966,2026-05-16,55,App,Completada
10967,2026-05-16,288,App,Completada
10968,2026-05-16,50,Marketplace,Cancelada
10969,2026-05-16,17,App,Completada
10970,2026-05-16,144,App,Completada
10971,2026-05-16,83,Web,Devuelta
10972,2026-05-17,240,Web,Completada
10973,2026-05-17,147,App,Completada
10974,2026-05-17,214,Web,Completada
10975,2026-05-17,119,App,Completada
10976,2026-05-17,107,Web,Cancelada
10977,2026-05-17,104,Marketplace,Completada
10978,2026-05-17,293,App,Completada
10979,2026-05-17,244,App,Completada
10980,2026-05-17,278,App,Completada
10981,2026-05-18,164,Web,Devuelta
10982,2026-05-18,238,Web,Completada
10983,2026-05-18,183,App,Devuelta
10984,2026-05-18,171,App,Completada
10985,2026-05-18,114,Marketplace,Cancelada
10986,2026-05-18,127,App,Completada
10987,2026-05-18,245,Marketplace,Completada
10988,2026-05-19,122,App,Completada
10989,2026-05-19,143,App,Completada
10990,2026-05-19,113,Web,Completada
10991,2026-05-19,286,Web,Completada
10992,2026-05-19,102,App,Completada
10993,2026-05-19,202,App,Completada
10994,2026-05-19,54,App,Completada
10995,2026-05-19,220,Marketplace,Devuelta
10996,2026-05-19,107,Web,Completada
10997,2026-05-20,112,App,Completada
10998,2026-05-20,112,Web,Completada
10999,2026-05-20,195,App,Completada
11000,2026-05-20,168,App,Completada
11001,2026-05-20,140,App,Completada
11002,2026-05-20,122,Marketplace,Completada
11003,2026-05-20,214,App,Completada
11004,2026-05-20,13,Web,Completada
11005,2026-05-21,85,Web,Completada
11006,2026-05-21,237,Web,Completada
11007,2026-05-21,285,Marketplace,Completada
11008,2026-05-21,201,Marketplace,Completada
11009,2026-05-21,49,Web,Completada
11010,2026-05-21,234,App,Completada
11011,2026-05-21,150,App,Completada
11012,2026-05-21,19,Web,Completada
11013,2026-05-21,278,Marketplace,Completada
11014,2026-05-21,34,App,Completada
11015,2026-05-22,40,Web,Completada
11016,2026-05-22,160,App,Completada
11017,2026-05-22,55,Web,Completada
11018,2026-05-22,255,App,Completada
11019,2026-05-22,295,Marketplace,Cancelada
11020,2026-05-22,11,Web,Completada
11021,2026-05-22,150,App,Completada
11022,2026-05-22,244,App,Completada
11023,2026-05-23,199,App,Completada
11024,2026-05-23,165,App,Cancelada
11025,2026-05-23,6,App,Completada
11026,2026-05-23,14,Web,Completada
11027,2026-05-23,168,Marketplace,Cancelada
11028,2026-05-24,265,App,Completada
11029,2026-05-24,40,App,Completada
11030,2026-05-24,255,App,Completada
11031,2026-05-24,160,Web,Completada
11032,2026-05-24,45,App,Completada
11033,2026-05-24,65,App,Completada
11034,2026-05-24,25,App,Completada
11035,2026-05-24,170,Marketplace,Completada
11036,2026-05-24,148,App,Completada
11037,2026-05-24,34,Web,Completada
11038,2026-05-24,257,Marketplace,Completada
11039,2026-05-24,171,Marketplace,Completada
11040,2026-05-25,257,Web,Completada
11041,2026-05-25,250,App,Completada
11042,2026-05-25,191,Web,Cancelada
11043,2026-05-25,39,Web,Completada
11044,2026-05-25,146,Web,Cancelada
11045,2026-05-25,187,Marketplace,Completada
11046,2026-05-25,59,Web,Completada
11047,2026-05-25,295,Web,Completada
11048,2026-05-26,125,App,Completada
11049,2026-05-26,250,Web,Completada
11050,2026-05-26,240,App,Completada
11051,2026-05-26,38,Web,Completada
11052,2026-05-26,41,App,Completada
11053,2026-05-26,201,App,Completada
11054,2026-05-26,298,Web,Completada
11055,2026-05-27,124,App,Completada
11056,2026-05-27,74,Marketplace,Completada
11057,2026-05-27,293,Marketplace,Cancelada
11058,2026-05-27,89,Web,Completada
11059,2026-05-27,141,Web,Completada
11060,2026-05-27,23,App,Completada
11061,2026-05-28,160,App,Cancelada
11062,2026-05-28,239,Web,Completada
11063,2026-05-28,241,App,Completada
11064,2026-05-28,278,App,Completada
11065,2026-05-28,278,Web,Completada
11066,2026-05-28,285,App,Completada
11067,2026-05-28,69,Marketplace,Completada
11068,2026-05-28,166,Web,Completada
11069,2026-05-28,49,App,Completada
11070,2026-05-28,282,Marketplace,Completada
11071,2026-05-28,213,Marketplace,Cancelada
11072,2026-05-29,288,App,Completada
11073,2026-05-29,79,Web,Completada
11074,2026-05-29,20,Marketplace,Cancelada
11075,2026-05-29,63,Web,Completada
11076,2026-05-29,8,Web,Completada
11077,2026-05-29,31,App,Cancelada
11078,2026-05-29,29,App,Completada
11079,2026-05-30,57,App,Completada
11080,2026-05-30,24,Web,Completada
11081,2026-05-30,269,App,Completada
11082,2026-05-30,124,Web,Completada
11083,2026-05-30,20,Web,Cancelada
11084,2026-05-30,286,App,Cancelada
11085,2026-05-30,286,Marketplace,Devuelta
11086,2026-05-30,117,App,Completada
11087,2026-05-30,66,Web,Completada
11088,2026-05-30,153,App,Completada
11089,2026-05-30,218,App,Completada
11090,2026-05-30,52,App,Completada
11091,2026-05-31,56,Marketplace,Cancelada
11092,2026-05-31,28,App,Completada
11093,2026-05-31,254,App,Completada
11094,2026-05-31,16,Web,Cancelada
11095,2026-05-31,177,Web,Completada
11096,2026-05-31,53,App,Completada
11097,2026-05-31,221,Web,Completada
11098,2026-05-31,185,Marketplace,Completada
11099,2026-05-31,63,App,Completada
11100,2026-05-31,266,Web,Completada
11101,2026-06-01,146,Marketplace,Completada
11102,2026-06-01,285,Web,Completada
11103,2026-06-01,105,Web,Cancelada
11104,2026-06-01,75,App,Completada
11105,2026-06-01,188,Web,Completada
11106,2026-06-01,208,Web,Cancelada
11107,2026-06-01,97,Marketplace,Completada
11108,2026-06-01,66,App,Completada
11109,2026-06-02,283,App,Completada
11110,2026-06-02,149,App,Completada
11111,2026-06-02,239,Web,Completada
11112,2026-06-02,176,App,Completada
11113,2026-06-02,154,App,Devuelta
11114,2026-06-02,197,Marketplace,Completada
11115,2026-06-02,208,Web,Completada
11116,2026-06-02,25,Web,Completada
11117,2026-06-02,78,App,Completada
11118,2026-06-03,83,Web,Completada
11119,2026-06-03,143,Marketplace,Completada
11120,2026-06-03,247,Marketplace,Completada
11121,2026-06-03,229,App,Devuelta
11122,2026-06-03,300,Web,Completada
11123,2026-06-03,102,App,Completada
11124,2026-06-03,242,Web,Completada
11125,2026-06-03,236,Web,Completada
11126,2026-06-03,134,App,Devuelta
11127,2026-06-03,48,App,Completada
11128,2026-06-03,19,Web,Completada
11129,2026-06-03,21,Web,Completada
11130,2026-06-04,92,Web,Completada
11131,2026-06-04,179,Web,Completada
11132,2026-06-04,223,App,Completada
11133,2026-06-04,55,Web,Completada
11134,2026-06-04,203,App,Completada
11135,2026-06-04,155,Web,Completada
11136,2026-06-04,225,App,Cancelada
11137,2026-06-04,292,App,Completada
11138,2026-06-04,71,App,Completada
11139,2026-06-04,8,App,Completada
11140,2026-06-05,120,App,Completada
11141,2026-06-05,217,Web,Completada
11142,2026-06-05,100,Web,Completada
11143,2026-06-05,95,Web,Completada
11144,2026-06-05,101,Web,Completada
11145,2026-06-05,98,Web,Completada
11146,2026-06-05,203,Web,Completada
11147,2026-06-05,124,Marketplace,Completada
11148,2026-06-05,50,Web,Completada
11149,2026-06-05,261,App,Devuelta
11150,2026-06-05,55,Web,Completada
11151,2026-06-06,258,App,Completada
11152,2026-06-06,272,Marketplace,Completada
11153,2026-06-06,141,Marketplace,Completada
11154,2026-06-06,165,App,Completada
11155,2026-06-06,29,App,Completada
11156,2026-06-06,224,Web,Completada
11157,2026-06-06,164,App,Completada
11158,2026-06-06,35,App,Completada
11159,2026-06-06,215,App,Completada
11160,2026-06-06,198,Web,Completada
11161,2026-06-06,148,App,Completada
11162,2026-06-06,65,Web,Completada
11163,2026-06-07,50,App,Completada
11164,2026-06-07,206,App,Completada
11165,2026-06-07,186,Web,Completada
11166,2026-06-07,194,Web,Completada
11167,2026-06-07,49,Web,Completada
11168,2026-06-07,158,Web,Completada
11169,2026-06-07,184,App,Completada
11170,2026-06-07,248,App,Completada
11171,2026-06-07,93,Web,Cancelada
11172,2026-06-07,96,Web,Completada
11173,2026-06-07,213,App,Completada
11174,2026-06-08,3,Web,Completada
11175,2026-06-08,5,App,Completada
11176,2026-06-08,235,App,Completada
11177,2026-06-08,177,App,Cancelada
11178,2026-06-08,164,Web,Completada
11179,2026-06-09,70,Web,Completada
11180,2026-06-09,296,App,Completada
11181,2026-06-09,157,Marketplace,Completada
11182,2026-06-09,291,Web,Devuelta
11183,2026-06-09,162,Web,Completada
11184,2026-06-09,63,App,Completada
11185,2026-06-09,128,Web,Completada
11186,2026-06-10,95,App,Completada
11187,2026-06-10,160,Web,Completada
11188,2026-06-10,185,App,Completada
11189,2026-06-10,104,Web,Completada
11190,2026-06-10,212,Web,Completada
11191,2026-06-10,125,Web,Completada
11192,2026-06-10,271,App,Completada
11193,2026-06-11,154,App,Completada
11194,2026-06-11,121,App,Completada
11195,2026-06-11,88,App,Completada
11196,2026-06-11,110,App,Completada
11197,2026-06-11,2,Web,Completada
11198,2026-06-11,281,App,Completada
11199,2026-06-11,251,Web,Completada
11200,2026-06-11,41,App,Completada
11201,2026-06-11,274,App,Completada
11202,2026-06-12,87,Marketplace,Completada
11203,2026-06-12,80,Web,Completada
11204,2026-06-12,26,App,Cancelada
11205,2026-06-12,158,App,Completada
11206,2026-06-12,11,Web,Completada
11207,2026-06-12,230,Marketplace,Completada
11208,2026-06-13,4,App,Completada
11209,2026-06-13,4,Web,Completada
11210,2026-06-13,57,Web,Completada
11211,2026-06-13,140,App,Completada
11212,2026-06-13,29,Web,Completada
11213,2026-06-13,76,App,Completada
11214,2026-06-13,236,Web,Cancelada
11215,2026-06-13,118,App,Completada
11216,2026-06-13,112,Web,Completada
11217,2026-06-14,160,Marketplace,Completada
11218,2026-06-14,58,Web,Completada
11219,2026-06-14,251,Web,Completada
11220,2026-06-14,21,Web,Completada
11221,2026-06-14,197,App,Completada
11222,2026-06-14,19,App,Completada
11223,2026-06-14,162,App,Completada
11224,2026-06-14,258,Web,Completada
11225,2026-06-14,192,Web,Completada
11226,2026-06-15,134,Web,Completada
11227,2026-06-15,165,Web,Completada
11228,2026-06-15,297,App,Completada
11229,2026-06-15,237,Web,Completada
11230,2026-06-15,30,App,Completada
11231,2026-06-15,257,Web,Completada
11232,2026-06-15,2,App,Completada
11233,2026-06-15,29,,Cancelada
11234,2026-06-16,199,Web,Completada
11235,2026-06-16,160,Web,Completada
11236,2026-06-16,39,Web,Completada
11237,2026-06-16,128,App,Completada
11238,2026-06-16,179,App,Completada
11239,2026-06-16,159,App,Completada
11240,2026-06-16,61,App,Completada
11241,2026-06-16,83,Web,Completada
11242,2026-06-16,33,App,Completada
11243,2026-06-17,291,App,Completada
11244,2026-06-17,43,Marketplace,Completada
11245,2026-06-17,155,App,Completada
11246,2026-06-17,229,Web,Completada
11247,2026-06-17,141,Marketplace,Completada
11248,2026-06-17,116,Web,Completada
11249,2026-06-17,199,Web,Completada
11250,2026-06-17,5,App,Cancelada
11251,2026-06-17,103,App,Completada
11252,2026-06-18,240,App,Completada
11253,2026-06-18,232,App,Cancelada
11254,2026-06-18,87,Web,Completada
11255,2026-06-18,178,App,Completada
11256,2026-06-18,20,App,Completada
11257,2026-06-18,180,App,Completada
11258,2026-06-18,225,Web,Completada
11259,2026-06-19,104,Web,Completada
11260,2026-06-19,262,App,Completada
11261,2026-06-19,16,App,Completada
11262,2026-06-19,283,App,Completada
11263,2026-06-19,32,Web,Cancelada
11264,2026-06-19,244,Web,Completada
11265,2026-06-19,172,Web,Completada
11266,2026-06-20,19,App,Devuelta
11267,2026-06-20,117,Web,Completada
11268,2026-06-20,198,Web,Completada
11269,2026-06-20,286,App,Cancelada
11270,2026-06-20,281,App,Completada
11271,2026-06-20,102,Web,Completada
11272,2026-06-20,64,Web,Completada
11273,2026-06-20,86,App,Completada
11274,2026-06-20,91,Web,Completada
11275,2026-06-20,60,Web,Devuelta
11276,2026-06-20,121,App,Devuelta
11277,2026-06-20,155,Marketplace,Completada
11278,2026-06-21,60,App,Devuelta
11279,2026-06-21,86,Marketplace,Completada
11280,2026-06-21,224,Web,Completada
11281,2026-06-21,145,App,Completada
11282,2026-06-21,176,Marketplace,Completada
11283,2026-06-21,163,Web,Cancelada
11284,2026-06-21,235,App,Completada
11285,2026-06-21,183,Web,Completada
11286,2026-06-21,279,Marketplace,Completada
11287,2026-06-21,82,Web,Completada
11288,2026-06-22,46,Web,Cancelada
11289,2026-06-22,6,App,Completada
11290,2026-06-22,65,App,Completada
11291,2026-06-22,18,Web,Completada
11292,2026-06-22,18,App,Cancelada
11293,2026-06-22,134,Web,Completada
11294,2026-06-22,280,Web,Completada
11295,2026-06-22,210,App,Completada
11296,2026-06-23,88,Web,Cancelada
11297,2026-06-23,264,App,Completada
11298,2026-06-23,279,Web,Completada
11299,2026-06-23,136,Web,Completada
11300,2026-06-23,183,Web,Completada
11301,2026-06-23,256,Web,Completada
11302,2026-06-23,50,Web,Devuelta
11303,2026-06-23,186,Web,Completada
11304,2026-06-23,4,App,Completada
11305,2026-06-24,156,Web,Completada
11306,2026-06-24,127,App,Completada
11307,2026-06-24,122,App,Completada
11308,2026-06-24,153,App,Cancelada
11309,2026-06-24,78,Web,Completada
11310,2026-06-24,7,Web,Completada
11311,2026-06-24,121,Web,Completada
11312,2026-06-25,236,App,Completada
11313,2026-06-25,195,App,Completada
11314,2026-06-25,100,Marketplace,Completada
11315,2026-06-25,63,App,Completada
11316,2026-06-25,250,App,Completada
11317,2026-06-25,9,Web,Completada
11318,2026-06-25,224,Web,Completada
11319,2026-06-25,11,App,Cancelada
11320,2026-06-25,54,App,Completada
11321,2026-06-25,204,Web,Completada
11322,2026-06-26,4,App,Completada
11323,2026-06-26,104,App,Completada
11324,2026-06-26,55,Web,Cancelada
11325,2026-06-26,192,Marketplace,Completada
11326,2026-06-26,276,App,Completada
11327,2026-06-26,112,Web,Completada
11328,2026-06-26,57,Web,Completada
11329,2026-06-26,30,Web,Completada
11330,2026-06-26,253,App,Completada
11331,2026-06-27,120,Web,Devuelta
11332,2026-06-27,81,Web,Completada
11333,2026-06-27,86,Web,Completada
11334,2026-06-27,68,Web,Completada
11335,2026-06-27,195,App,Completada
11336,2026-06-27,294,Marketplace,Completada
11337,2026-06-27,94,App,Completada
11338,2026-06-27,13,App,Completada
11339,2026-06-27,152,Web,Cancelada
11340,2026-06-27,158,App,Completada
11341,2026-06-28,295,Web,Completada
11342,2026-06-28,176,Marketplace,Completada
11343,2026-06-28,155,App,Completada
11344,2026-06-28,201,Web,Cancelada
11345,2026-06-28,101,App,Cancelada
11346,2026-06-28,235,Marketplace,Completada
11347,2026-06-28,119,Marketplace,Completada
11348,2026-06-28,98,App,Completada
11349,2026-06-28,118,Marketplace,Completada
11350,2026-06-28,264,App,Cancelada
11351,2026-06-28,22,App,Completada
11352,2026-06-28,79,App,Completada
11353,2026-06-28,219,Web,Completada
11354,2026-06-29,131,App,Completada
11355,2026-06-29,98,Web,Completada
11356,2026-06-29,203,Web,Devuelta
11357,2026-06-29,3,App,Completada
11358,2026-06-29,122,Web,Completada
11359,2026-06-29,271,Web,Completada
11360,2026-06-29,135,Web,Completada
11361,2026-06-29,284,Marketplace,Completada
11362,2026-06-29,166,Web,Cancelada
11363,2026-06-30,241,Web,Completada
11364,2026-06-30,33,App,Cancelada
11365,2026-06-30,18,Marketplace,Completada
11366,2026-06-30,169,App,Completada
11367,2026-06-30,188,App,Completada
11368,2026-06-30,146,Web,Completada
11369,2026-06-30,91,App,Completada
11370,2026-06-30,17,Web,Completada
11371,2026-06-30,106,Web,Completada
11372,2026-06-30,285,Web,Completada
